Stt,Tên chung cư,Địa chỉ,Đường,Phường/Xã,district_id,Quận/huyện,province_id,Thành phố/Tỉnh,Tọa độ,,
1,Horizon Tower,"214 Trần Quang Khải, Phường Tân Định, Quận 1, TP.HCM",214 Trần Quang Khải,Phường Tân Định,349,Quận 1,34,HCM,"10.791879, 106.687848",,
2,363 Hoàng Sa (Chung cư Nguyễn Văn Nguyễn),"363 đường Hoàng Sa, Phường Tân Định, Quận 1, TP.HCM",363 đường Hoàng Sa,Phường Tân Định,349,Quận 1,34,HCM,"10.793764, 106.686388",,
3,Indochina Park Tower,"4 Nguyễn Đình Chiểu, Phường Đa Kao, Quận 1, TP.HCM",4 Nguyễn Đình Chiểu,Phường Đa Kao,349,Quận 1,34,HCM,"10.791695, 106.702539",,
4,The Marq,"29B Nguyễn Đình Chiểu, Phường Đa Kao, Quận 1, TP.HCM",29B Nguyễn Đình Chiểu,Phường Đa Kao,349,Quận 1,34,HCM,"10.787658, 106.698797",,
5,Vinhomes Golden River,"Số 2 Tôn Đức Thắng, P. Bến Nghé , Q.1,  TP. HCM",Số 2 Tôn Đức Thắng,P. Bến Nghé ,349,Quận 1,34,HCM,"10.782090, 106.706918",,
6,Grand Marina Saigon,"Số 2 Tôn Đức Thắng, Phường Bến Nghé, Quận 1, TP.HCM",Số 2 Tôn Đức Thắng,Phường Bến Nghé,349,Quận 1,34,HCM,"10.782090, 106.706918",,
7,The Vertex Private Residences,"3A Đường Tôn Đức Thắng, Bến Nghé, Quận 1, TP.HCM",3A Đường Tôn Đức Thắng,Bến Nghé,349,Quận 1,34,HCM,"10.779296, 106.707481",,
8,Cao ốc The Nexus,"Số 3A – 3B đường Tôn Đức Thắng, Phường Bến Nghé, Quận 1, TP.HCM",Số 3A – 3B đường Tôn Đức Thắng,Phường Bến Nghé,349,Quận 1,34,HCM,"10.779296, 106.707481",,
9,Căn hộ Madison,"15 Thi Sách, Bến Nghé, Quận 1, TP.HCM",15 Thi Sách,Bến Nghé,349,Quận 1,34,HCM,"10.778511, 106.704385",,
10,Ascott Waterfront Saigon,"Số 1 – 1A Đường Tôn Đức Thắng, Phường Bến Nghé, Quận 1, TP.HCM",Số 1 – 1A Đường Tôn Đức Thắng,Phường Bến Nghé,349,Quận 1,34,HCM,"10.780933, 106.707553",,
11,Vinhomes Đồng Khởi,"72A Lê Thánh Tôn, P. Bến Nghé, Quận 1. TP. HCM",72A Lê Thánh Tôn,P. Bến Nghé,349,Quận 1,34,HCM,"10.777923, 106.702354",,
12,Avalon Saigon,"53 Nguyễn Thị Minh Khai, phường Bến Nghé, Quận 1, TP.HCM",53 Nguyễn Thị Minh Khai,phường Bến Nghé,349,Quận 1,34,HCM,"10.779902, 106.695277",,
13,The Lancaster,"20-22 Bis Lê Thánh Tôn, Quận 1, TP.HCM",20-22 Bis Lê Thánh Tôn,Quận 1,349,Quận 1,34,HCM,"10.780620, 106.704710",,
14,Sailing Tower,"111A Pasteur, Bến Nghé, Quận 1, TP.HCM",111A Pasteur,Bến Nghé,349,Quận 1,34,HCM,"10.780300, 106.696117",,
15,The One Sài Gòn,"45 Đặng Thị Nhu, Phường Nguyễn Thái Bình, Quận 1, TP.HCM",45 Đặng Thị Nhu,Phường Nguyễn Thái Bình,349,Quận 1,34,HCM,"10.768970, 106.696977",,
16,The Spirit Of Saigon,"Số 1 Phạm Ngũ Lão, phường Nguyễn Thái Bình, Quận 1, TP. HCM",Số 1 Phạm Ngũ Lão,phường Nguyễn Thái Bình,349,Quận 1,34,HCM,"10.770555, 106.698623",,
17,International plaza,"343 Phạm Ngũ Lão, Phường Phạm Ngũ Lão, Quận 1, TP.HCM",343 Phạm Ngũ Lão,Phường Phạm Ngũ Lão,349,Quận 1,34,HCM,"10.767379, 106.690098",,
18,Lancaster Legacy Nguyễn Trãi,"230 Nguyễn Trãi, phường Nguyễn Cư Trinh, Quận 1, TP.HCM",230 Nguyễn Trãi,phường Nguyễn Cư Trinh,349,Quận 1,34,HCM,"10.764828, 106.687519",,
19,Chung cư 203 Nguyễn Trãi,"203 Nguyễn Trãi, Phường Nguyễn Cư Trinh, Quận 1, TP.HCM",203 Nguyễn Trãi,Phường Nguyễn Cư Trinh,349,Quận 1,34,HCM,"10.766014, 106.688000",,
20,The Grand Manhattan,"Số 100 Cô Giang, Phường Cô Giang, Quận 1, TP. HCM",Số 100 Cô Giang,Phường Cô Giang,349,Quận 1,34,HCM,"10.762998, 106.694664",,
21,Soho Residence,"Số 100 Cô Giang, Phường Cô Giang, Quận 1, TP. HCM",Số 100 Cô Giang,Phường Cô Giang,349,Quận 1,34,HCM,"10.762998, 106.694664",,
22,Chung cư Thế Hệ Mới,"17 Hồ Hảo Hớn, Phường Cô Giang, Quận 1, TP.HCM",17 Hồ Hảo Hớn,Phường Cô Giang,349,Quận 1,34,HCM,"10.760333, 106.693370",,
23,Central Garden,"328 Võ Văn Kiệt, Phường Cô Giang, Quận 1, TP. HCM",328 Võ Văn Kiệt,Phường Cô Giang,349,Quận 1,34,HCM,"10.761254, 106.695696",,
24,Cao ốc BMC,"422 Võ Văn Kiệt, Phường Cô Giang, Quận 1, TP. HCM",422 Võ Văn Kiệt,Phường Cô Giang,349,Quận 1,34,HCM,"10.759457, 106.693228",,
25,D1 Mension (River View),"608 Võ Văn Kiệt, Cầu Kho, Quận 1, TP. HCM",608 Võ Văn Kiệt,Cầu Kho,349,Quận 1,34,HCM,"10.755045, 106.687801",,
26,D1 Mension (City View),"608 Võ Văn Kiệt, Cầu Kho, Quận 1, TP. HCM",608 Võ Văn Kiệt,Cầu Kho,349,Quận 1,34,HCM,"10.755045, 106.687801",,
27,Chung cư 518 Võ Văn Kiệt,"518 Võ Văn Kiệt, Cầu Kho, Quận 1, TP. HCM",518 Võ Văn Kiệt,Cầu Kho,349,Quận 1,34,HCM,"10.757766, 106.690719",,
28,Grand Central,"196-200 Nam Kỳ Khởi Nghĩa, Phường 6, Quận 3, TP. HCM",196-200 Nam Kỳ Khởi Nghĩa,Phường 6,361,Quận 3,34,HCM,"10.782528, 106.691812",,
29,Saigon Pavillon,"53 Bà Huyện Thanh Quan, Phường 6, Quận 3, TP. HCM",53 Bà Huyện Thanh Quan,Phường 6,361,Quận 3,34,HCM,"10.776361, 106.688805",,
30,New Pearl Residence,"192 Nam Kỳ Khởi Nghĩa, phường 6, Quận 3, TP.HCM",192 Nam Kỳ Khởi Nghĩa,phường 6,361,Quận 3,34,HCM,"10.782221, 106.692151",,
31,Léman Luxury Apartments,"117 Nguyễn Đình Chiểu, phường 6, Quận 3, TP.HCM.",117 Nguyễn Đình Chiểu,phường 6,361,Quận 3,34,HCM,"10.778105, 106.689745",,
32,PNT Court,"58/8 Phạm Ngọc Thạch, Phường 6, Quận 3, TP.HCM",58/8 Phạm Ngọc Thạch,Phường 6,361,Quận 3,34,HCM,"10.782301, 106.696625",,
33,Terra Royal,"278 Nam Kỳ Khởi Nghĩa, Phường 8, Quận 3, TP. HCM",278 Nam Kỳ Khởi Nghĩa,Phường 8,361,Quận 3,34,HCM,"10.788272, 106.685693",,
34,An Phú Plaza,"117-119 Lý Chính Thắng, Phường 7, Quận 3, TP. HCM",117-119 Lý Chính Thắng,Phường 7,361,Quận 3,34,HCM,"10.787466, 106.684887",,
35,Serenity Sky Villas,"259 Điện Biên Phủ, Phường 7, Quận 3, TP.HCM",259 Điện Biên Phủ,Phường 7,361,Quận 3,34,HCM,"10.781570, 106.688935",,
36,Screc Tower,"974A Trường Sa, phường 12, Quận 3, TP.HCM",974A Trường Sa,phường 12,361,Quận 3,34,HCM,"10.786379, 106.675353",,
37,C.T Plaza Minh Châu,"369 Lê Văn Sỹ, Quận 3, TP.HCM",369 Lê Văn Sỹ,Quận 3,361,Quận 3,34,HCM,"10.788788, 106.676115",,
38,Cao ốc Nguyễn Phúc Nguyên,"167 Nguyễn Phúc Nguyên, phường 10, Quận 3 - TP. HCM",167 Nguyễn Phúc Nguyên,phường 10,361,Quận 3,34,HCM,"10.780697, 106.678979",,
39,Cao ốc Sông Đà Tower,"14B Kỳ Đồng, phường 7, quận 3, TP. HCM",14B Kỳ Đồng,phường 7,361,Quận 3,34,HCM,"10.783563, 106.682650",,
40,Kỳ Đồng Tower,Không tìm thấy địa chỉ cụ thể,,,361,Quận 3,34,HCM,,,
41,Chung cư Khánh Hội 1,"360C Bến Vân Đồn, Phường 1, Quận 4, TP. HCM",360C Bến Vân Đồn,Phường 1,366,Quận 4,34,HCM,"10.754957, 106.691022",,
42,Chung cư Khánh Hội 2,"360A Bến Vân Đồn, Phường 1, Quận 4, TP. HCM",360A Bến Vân Đồn,Phường 1,366,Quận 4,34,HCM,"10.756022, 106.690524",,
43,The Gold View (A),"346 Bến Vân Đồn, Phường 1, Quận 4, TP. HCM",346 Bến Vân Đồn,Phường 1,366,Quận 4,34,HCM,"10.756497, 106.691117",,
44,The Gold View (B),"346 Bến Vân Đồn, Phường 1, Quận 4, TP. HCM",346 Bến Vân Đồn,Phường 1,366,Quận 4,34,HCM,"10.756937, 106.691645",,
45,Galaxy 9,"9 Nguyễn Khoái, Phường 1, Quận 4, TP. HCM",9 Nguyễn Khoái,Phường 1,366,Quận 4,34,HCM,"10.755350, 106.694142",,
46,Chung cư Vạn Đô,"348 Bến Vân Đồn, P.1, Q.4, TP. HCM",348 Bến Vân Đồn,P.1,366,Quận 4,34,HCM,"10.755412, 106.689820",,
47,Cao ốc Orient Apartment Building,"331 Bến Vân Đồn, Phường 1, Quận 4, TP.HCM",331 Bến Vân Đồn,Phường 1,366,Quận 4,34,HCM,"10.757438, 106.692285",,
48,Chung cư Tôn Thất Thuyết,"1 Tôn Thất Thuyết, Phường 1, Quận 4, TP. HCM",1 Tôn Thất Thuyết,Phường 1,366,Quận 4,34,HCM,"10.754629, 106.691885",,
49,De La Sol,"số 1 đường Tôn Thất Thuyết, phường 18, quận 4, TP.HCM",số 1 đường Tôn Thất Thuyết,phường 18,366,Quận 4,34,HCM,"10.753004, 106.692472",,
50,Grand Riverside,"278-283 Bến Vân Đồn, P2, Q4, TP.HCM",278-283 Bến Vân Đồn,P2,366,Quận 4,34,HCM,"10.758707, 106.694550",,
51,Chung cư B5,"Đường 12A, P3, Q4, TP. HCM",Đường 12A,P3,366,Quận 4,34,HCM,"10.754748, 106.700470",,
52,Chung cư Vĩnh Hội,"số 2 Vĩnh Hội (98 Khánh Hội) Phường 4, Quận 4, TP.HCM",số 2 Vĩnh Hội (98 Khánh Hội) Phường 4,Quận 4,366,Quận 4,34,HCM,"10.756062, 106.701592",,
53,RiverGate Residence,"151-155 Bến Vân Đồn, Phường 6, Quận 4, TP. HCM",151-155 Bến Vân Đồn,Phường 6,366,Quận 4,34,HCM,"10.762423, 106.699271",,
54,Masteri Millennium,"132 Bến Vân Đồn, Phường 6, Quận 4, TP. HCM",132 Bến Vân Đồn,Phường 6,366,Quận 4,34,HCM,"10.763684, 106.699538",,
55,H2 Hoàng Diệu,"504 Nguyễn Tất Thành, Phường 8, Quận 4, TP. HCM",504 Nguyễn Tất Thành,Phường 8,366,Quận 4,34,HCM,"10.762372, 106.702345",,
56,H1 Hoàng Diệu,"243 Hoàng Diệu, Phường 9, Quận 4, TP. HCM",243 Hoàng Diệu,Phường 9,366,Quận 4,34,HCM,"10.761865, 106.701569",,
57,Icon 56,"56 Bến Vân Đồn, Phường 12, Quận 4, TP. HCM",56 Bến Vân Đồn,Phường 12,366,Quận 4,34,HCM,"10.766171, 106.702594",,
58,The Tresor,"39-39B Bến Vân Đồn, Phường 12, Quận 4, TP. HCM",39-39B Bến Vân Đồn,Phường 12,366,Quận 4,34,HCM,"10.766742, 106.703006",,
59,Saigon Royal,"34-35 Bến Vân Đồn, Phường 12, Quận 4, TP. HCM",34-35 Bến Vân Đồn,Phường 12,366,Quận 4,34,HCM,"10.767401, 106.703778",,
60,Copac Square,"số 12 Tôn Đản, Phường 13 , Quận 4 , TP. HCM",số 12 Tôn Đản,Phường 13 ,366,Quận 4,34,HCM,"10.762181, 106.708064",,
61,Sunshine Horizon,"78 Tôn Thất Thuyết, Phường 16, Quận 4, TP.HCM",78 Tôn Thất Thuyết,Phường 16,366,Quận 4,34,HCM,"10.753334, 106.711516",,
62,Charmington Iris,"76 Tôn Thất Thuyết, P.16, Quận 4, TP.HCM",76 Tôn Thất Thuyết,P.16,366,Quận 4,34,HCM,"10.753371, 106.712842",,
63,Riva Park,"504 Nguyễn Tất Thành, Phường 18, Quận 4, TP.HCM",504 Nguyễn Tất Thành,Phường 18,366,Quận 4,34,HCM,"10.755760, 106.718738",,
64,Chung cư Bason,"Hẻm Số 2 Lê Đức Thọ, Phường 7, Quận Gò Vấp, TP.HCM",Hẻm Số 2 Lê Đức Thọ,Phường 7,430,Quận Gò Vấp,34,HCM,"10.830258, 106.683058",,
65,D – One,"12 Phan Văn Trị & mặt tiền Dương Quảng Hàm, Quận Gò Vấp, TP.HCM",12 Phan Văn Trị & mặt tiền Dương Quảng Hàm,Quận Gò Vấp,430,Quận Gò Vấp,34,HCM,"10.827505, 106.689048",,
66,CT Plaza Nguyên Hồng,"18 Nguyên Hồng, Phường 1, Quận Gò Vấp, TP.HCM",18 Nguyên Hồng,Phường 1,430,Quận Gò Vấp,34,HCM,"10.818063, 106.691270",,
67,26 Nguyễn Thượng Hiền,"26 Nguyễn Thượng Hiền, Phường 1, Quận Gò Vấp, TP.HCM",26 Nguyễn Thượng Hiền,Phường 1,430,Quận Gò Vấp,34,HCM,"10.815008, 106.687518",,
68,M-one Gia Định,"12 Nguyễn Bỉnh Khiêm, Phường 1, Quận Gò Vấp, TP.HCM",12 Nguyễn Bỉnh Khiêm,Phường 1,430,Quận Gò Vấp,34,HCM,"10.816502, 106.687704",,
69,Phú Gia Hưng Apartment,"Đường số 2, Lê Đức Thọ, Phường 15, Quận Gò Vấp, TP.HCM",Đường số 2,Lê Đức Thọ,430,Quận Gò Vấp,34,HCM,"10.850378, 106.672809",,
70,8X Thái An,"Số 21/5D Phan Huy Ích – P.14 - Q.Gò Vấp, TP.HCM",Số 21/5D Phan Huy Ích,P14,430,Quận Gò Vấp,34,HCM,"10.834604, 106.634305",,
71,Osimi Tower,"Hẻm 688/57 Đường Lê Đức Thọ, Phường 15, Quận Gò Vấp, TP.HCM",Hẻm 688/57 Đường Lê Đức Thọ,Phường 15,430,Quận Gò Vấp,34,HCM,"10.849714, 106.674092",,
72,Chung cư An Lộc,"Số 7, Phường 17, Gò Vấp , TP.HCM",Số 7,Phường 17,430,Quận Gò Vấp,34,HCM,"10.847033, 106.676827",,
73,Gia Phát Apartment,"117A Lê Đức Thọ, Phường 17, Gò Vấp, TP.HCM",117A Lê Đức Thọ,Phường 17,430,Quận Gò Vấp,34,HCM,"10.843766, 106.673616",,
74,Dream Home Residence,"21 Đường số 59, Phường 14, Gò Vấp, TP.HCM",21 Đường số 59,Phường 14,430,Quận Gò Vấp,34,HCM,"10.855171, 106.652900",,
75,I-Home,"359 Phạm Văn Chiêu, Phường 14, Gò Vấp, TP.HCM",359 Phạm Văn Chiêu,Phường 14,430,Quận Gò Vấp,34,HCM,"10.850613, 106.653595",,
76,Dream Home Luxury,"Đường 59 phường 14, quận Gò Vấp, TP.HCM",Đường 59 phường 14,quận Gò Vấp,430,Quận Gò Vấp,34,HCM,"10.854309, 106.649306",,
77,Resco An Hội 3,"Hẻm 237 Phạm Văn Chiêu, Phường 14, Gò Vấp, TP.HCM",Hẻm 237 Phạm Văn Chiêu,Phường 14,430,Quận Gò Vấp,34,HCM,"10.852789, 106.647294",,
78,Chung cư Khang Gia,"Đường số 45, phường 14, Gò Vấp, TP.HCM",Đường số 45,phường 14,430,Quận Gò Vấp,34,HCM,"10.843894, 106.636215",,
79,Sunny Plaza,"02 Trương Đăng Quế, Phường 3, Quận Gò Vấp, TP.HCM",02 Trương Đăng Quế,Phường 3,430,Quận Gò Vấp,34,HCM,"10.815182, 106.682230",,
80,Hà Đô Green View,"3 Nguyễn Văn Công, Phường 3, Gò Vấp, TP.HCM",3 Nguyễn Văn Công,Phường 3,430,Quận Gò Vấp,34,HCM,"10.816552, 106.676927",,
81,Cityland Park Hills,"18 Phan Văn Trị, P.10, Q.Gò Vấp, TP.HCM",18 Phan Văn Trị,P.10,430,Quận Gò Vấp,34,HCM,"10.836164, 106.666766",,
82,Felix Homes,"44 Đường Nguyễn Văn Dung, Phường 6, Gò Vấp, TP.HCM",44 Đường Nguyễn Văn Dung,Phường 6,430,Quận Gò Vấp,34,HCM,"10.850643, 106.682527",,
83,La Cosmo,"350 Hoàng Văn Thụ, Phường 4, Quận Tân Bình, TP.HCM",350 Hoàng Văn Thụ,Phường 4,426,Quận Tân Bình,34,HCM,"10.796752, 106.657092",,
84,Republic Plaza,"18E đường Cộng Hoà, P. 4, Q.Tân Bình,TP.HCM",18E đường Cộng Hoà,P. 4,426,Quận Tân Bình,34,HCM,"10.801377, 106.654812",,
85,245 Hoàng Văn Thụ,Không tìm thấy địa chỉ cụ thể,,,426,Quận Tân Bình,34,HCM,,,
86,Sky Center,"Số 10 Phổ Quang, Phường 2, Quận Tân Bình, TP.HCM",Số 10 Phổ Quang,Phường 2,426,Quận Tân Bình,34,HCM,"10.806138, 106.666769",,
87,Botanica Premier,"108-112A-114 Hồng Hà P2 – Q. Tân Bình, TP.HCM",108-112A-114 Hồng Hà,P2,426,Quận Tân Bình,34,HCM,"10.810620, 106.669734",,
88,The Botanica,"104 Phổ Quang, Phường 2, Tân Bình, TP.HCM",104 Phổ Quang,Phường 2,426,Quận Tân Bình,34,HCM,"10.808705, 106.669875",,
89,Park Legend,"số 251 Hoàng Văn Thụ, phường 2, quận Tân Bình, TP.HCM",số 251 Hoàng Văn Thụ,phường 2,426,Quận Tân Bình,34,HCM,"10.800380, 106.665166",,
90,Bảy Hiền Tower,"9 Phạm Phú Thứ, P.11, Quận Tân Bình, TP.HCM",9 Phạm Phú Thứ,P.11,426,Quận Tân Bình,34,HCM,"10.788660, 106.649815",,
91,Newberry Residence,"số 4 đường Phạm Phú Thứ, phường 11, quận Tân Bình, TP.HCM",số 4 đường Phạm Phú Thứ,phường 11,426,Quận Tân Bình,34,HCM,,,
92,The Harmona,"33 Trương Công Định, Phường 14, Tân Bình, TP.HCM",33 Trương Công Định,Phường 14,426,Quận Tân Bình,34,HCM,"10.796196, 106.641017",,
93,Palacio Garden,"678 Âu Cơ, Phường 14, Quận Tân Bình, TP.HCM",678 Âu Cơ,Phường 14,426,Quận Tân Bình,34,HCM,"10.787182, 106.643134",,
94,Phúc Yên 1,"31 Phan Huy Ích, Phường 15,Quận Tân Bình, TP.HCM",31 Phan Huy Ích,Phường 15,426,Quận Tân Bình,34,HCM,"10.825291, 106.630482",,
95,Phúc Yên 2,"31 Phan Huy Ích, Phường 15,Quận Tân Bình, TP.HCM",31 Phan Huy Ích,Phường 15,426,Quận Tân Bình,34,HCM,"10.825291, 106.630482",,
96,Phúc Yên 3,"Hẻm 102 Phan Huy Ích, Phường 15,Quận Tân Bình, TP.HCM",Hẻm 102 Phan Huy Ích,Phường 15,426,Quận Tân Bình,34,HCM,"10.828167, 106.633988",,
97,Ruby Garden,"02 Nguyễn Sỹ Sách, P15, Q.Tân Bình, TP.HCM",02 Nguyễn Sỹ Sách,P15,426,Quận Tân Bình,34,HCM,"10.818249, 106.632645",,
98,Golf View Palace,"Mặt tiền đường Tân Sơn, phường 15, quận Tân Bình, TP HCM.",Mặt tiền đường Tân Sơn,phường 15,426,Quận Tân Bình,34,HCM,,,
99,Bee Home,"Đường Nhân Thân Trung (đối diện sân tập golf) đường B1-khu VK 928 Cộng Hòa, phường 13, quận Tân Bình, Tp HCM",Đường Nhân Thân Trung (đối diện sân tập golf) đường B1-khu VK 928 Cộng Hòa,phường 13,426,Quận Tân Bình,34,HCM,"10.806920, 106.640533",,
100,Carillon 1,"171A đường Hoàng Hoa Thám, Phường 13, quận Tân Bình, TP.HCM",171A đường Hoàng Hoa Thám,Phường 13,426,Quận Tân Bình,34,HCM,"10.805182, 106.647215",,
101,Carillon 3,"171C đường Hoàng Hoa Thám, P 13, Q.Tân Bình –TP.HCM",171C đường Hoàng Hoa Thám,P 13,426,Quận Tân Bình,34,HCM,"10.806274, 106.647816",,
102,Cộng Hòa Garden,"Số 20 Cộng Hòa, Phường 12, Quận Tân Bình, TP.HCM",Số 20 Cộng Hòa,Phường 12,426,Quận Tân Bình,34,HCM,"10.802888, 106.652215",,
103,Chung cư K300,Chung cư cũ,,,426,Quận Tân Bình,34,HCM,"10.798197, 106.652502",,
104,Cộng Hòa Plaza,"19 Cộng Hòa, Phường 12, Tân Bình, TP.HCM",19 Cộng Hòa,Phường 12,426,Quận Tân Bình,34,HCM,"10.801557, 106.650913",,
105,The Useful Apartment,"6 Lạc Long Quân, Phường 9, Tân Bình, TP.HCM",6 Lạc Long Quân,Phường 9,426,Quận Tân Bình,34,HCM,"10.775304, 106.649072",,
106,Bàu Cát II,"góc đường Thái Thị Nhạn – Ni Sư Huỳnh Liên - Hồng Lạc, phường 10, Quận Tân Bình, TP.HCM",góc đường Thái Thị Nhạn – Ni Sư Huỳnh Liên - Hồng Lạc,phường 10,426,Quận Tân Bình,34,HCM,"10.787181, 106.644604",,
107,Central Plaza,"91 Phạm Văn Hai, Phường 3, Tân Bình, TP.HCM",91 Phạm Văn Hai,Phường 3,426,Quận Tân Bình,34,HCM,"10.793991, 106.662963",,
108,ResGreen Tower,"số 7A đường Thoại Ngọc Hầu, phường Hòa Thạnh, quận Tân Phú, TP.HCM",số 7A đường Thoại Ngọc Hầu,phường Hòa Thạnh,429,Quận Tân Phú,34,HCM,"10.784518, 106.639749",,
109,Saigon Town,"số 83/16 Thoại Ngọc Hầu, Phường Hòa Thạnh, Quận Tân Phú",số 83/16 Thoại Ngọc Hầu,Phường Hòa Thạnh,429,Quận Tân Phú,34,HCM,"10.781946, 106.637762",,
110,Valéo Đầm Sen,"312 Trịnh Đình Trọng, P. Hòa Thạnh, Q. Tân Phú, TP.HCM",312 Trịnh Đình Trọng,P. Hòa Thạnh,429,Quận Tân Phú,34,HCM,"10.777563, 106.637167",,
111,Lotus Garden,"36 Trịnh Đình Thảo, Phường Hòa Thạnh, quận Tân Phú, TP.HCM",36 Trịnh Đình Thảo,Phường Hòa Thạnh,429,Quận Tân Phú,34,HCM,"10.774702, 106.635835",,
112,Carillon 5,"Hẻm số 262 và 284 đường Lũy Bán Bích, phường Hòa Thạnh, quận Tân Phú",Hẻm số 262 và 284 đường Lũy Bán Bích,phường Hòa Thạnh,429,Quận Tân Phú,34,HCM,"10.772515, 106.632782",,
113,Carillon 2 (Đặng Thành),"27 Trịnh Đình Thảo, phường Hòa Thạnh, quận Tân Phú, TP.HCM",27 Trịnh Đình Thảo,phường Hòa Thạnh,429,Quận Tân Phú,34,HCM,"10.775396, 106.634324",,
114,Chung Cư Topaz Garden,"Số 04 Trịnh Đình Thảo, Phường Hòa Thạnh, Quận Tân Phú, TP.HCM",Số 04 Trịnh Đình Thảo,Phường Hòa Thạnh,429,Quận Tân Phú,34,HCM,"10.775414, 106.634140",,
115,Chung cư Khang Phú,"Số 67 Đường Huỳnh Thiện Lộc, Phường Hòa Thạnh, Quận Tân Phú, TP.HCM",Số 67 Đường Huỳnh Thiện Lộc,Phường Hòa Thạnh,429,Quận Tân Phú,34,HCM,"10.779873, 106.638221",,
116,BMC Lũy Bán Bích (hay BMC Plaza),"787 Lũy Bán Bích, Phường Phú Thọ, Quận Tân Phú, TP.HCM",787 Lũy Bán Bích,Phường Phú Thọ,429,Quận Tân Phú,34,HCM,"10.785418, 106.636454",,
117,Celadon City,"88 N1, Phường Sơn Kỳ, Quận Tân Phú, TP.HCM",88 N1,Phường Sơn Kỳ,429,Quận Tân Phú,34,HCM,"10.803156, 106.610073",,
118,Carillon 7,"33 Lương Minh Nguyệt, Tân Thới Hòa, Tân Phú, Hồ Chí Minh ( gần ngay khu du lịch Đầm Sen)",33 Lương Minh Nguyệt,Tân Thới Hòa,429,Quận Tân Phú,34,HCM,"10.761122, 106.630034",,
119,Diamond Lotus Lakeview,"Số 96 Lũy Bán Bích- P.Tân Thới Hòa – Q.Tân Phú, TP.HCM",Số 96 Lũy Bán Bích,P.Tân Thới Hòa,429,Quận Tân Phú,34,HCM,"10.767229, 106.631963",,
120,Chung cư Quang Thái,"111B Lý Thánh Tông, Tân Thới Hoà, Tân Phú, TP.HCM",111B Lý Thánh Tông,Tân Thới Hoà,429,Quận Tân Phú,34,HCM,"10.766398, 106.628159",,
121,Chung cư Sacomreal,"785/1 Lũy Bán Bích , Phú Thọ Hòa, Quận Tân Phú , TP.HCM",785/1 Lũy Bán Bích ,Phú Thọ Hòa,429,Quận Tân Phú,34,HCM,"10.784097, 106.635854",,
122,Ruby Land,"4 Đường Lê Quát, Tân Thới Hoà, Tân Phú, TP.HCM",4 Đường Lê Quát,Tân Thới Hoà,429,Quận Tân Phú,34,HCM,"10.764082, 106.633834",,
123,Tecco Đầm Sen Complex,"4 Bùi Cẩm Hổ, P. Tân Thới Hòa, Q. Tân Phú, TP.HCM",4 Bùi Cẩm Hổ,P. Tân Thới Hòa,429,Quận Tân Phú,34,HCM,"10.766410, 106.633336",,
124,Khuông Việt,"Số 341/13A Đường Khuông Việt, Phường Phú Trung, Quận Tân Phú, TP.HCM",Số 341/13A Đường Khuông Việt,Phường Phú Trung,429,Quận Tân Phú,34,HCM,"10.770164, 106.638804",,
125,Chung cư Đại Thành,"số 221-223 đường Trịnh Đình Trọng, phường Phú Trung, quận Tân Phú, TP.HCM",số 221-223 đường Trịnh Đình Trọng,phường Phú Trung,429,Quận Tân Phú,34,HCM,"10.775279, 106.639799",,
126,Trung Đông Plaza," 30 Trịnh Đình Thảo, phường Hoà Thạnh, Quận Tân Phú, TP.HCM", 30 Trịnh Đình Thảo,phường Hoà Thạnh,429,Quận Tân Phú,34,HCM,"10.774951, 106.635279",,
127,Chung cư IDICO,"262/13 Lũy Bán Bích, Phường Hòa Thạnh, Tân Phú, TP.HCM",262/13 Lũy Bán Bích,Phường Hòa Thạnh,429,Quận Tân Phú,34,HCM,"10.772405, 106.634148
",,
128,Phú Thạnh Apartment,"53 đường Nguyễn Sơn, phường Phú Thạnh, Quận Tân Phú",53 đường Nguyễn Sơn,phường Phú Thạnh,429,Quận Tân Phú,34,HCM,"10.781292, 106.631490",,
129,RichStar,"241 - 278 Hòa Bình, P.Hiệp Tân, Q.Tân Phú, TP.HCM",241 - 278 Hòa Bình,P.Hiệp Tân,429,Quận Tân Phú,34,HCM,"10.772216, 106.626318",,
130,Oriental Plaza (Âu Cơ Tower),"685 Âu Cơ, Phường Tân Thành, Quận Tân Phú, TP.HCM",685 Âu Cơ,Phường Tân Thành,429,Quận Tân Phú,34,HCM,"10.789840, 106.640212",,
131,Investco Babylon,"683 Âu Cơ, phường Tân Thành, Quận Tân Phú, TP.HCM",683 Âu Cơ,phường Tân Thành,429,Quận Tân Phú,34,HCM,"10.789108, 106.640442",,
132,Southern Dragon,"685 Âu Cơ, Phường Tân Thành, Quận Tân Phú, TP.HCM",685 Âu Cơ,Phường Tân Thành,429,Quận Tân Phú,34,HCM,"10.789840, 106.640212",,
133,An Gia Garden,"295 Tân Kỳ, Tân Quý, Quận Tân Phú, TP.HCM",295 Tân Kỳ,Tân Quý,429,Quận Tân Phú,34,HCM,"10.801837, 106.625977",,
134,Melody Residences,"Số 16 Âu Cơ, phường Tân Sơn Nhì, quận Tân Phú, TP.HCM",Số 16 Âu Cơ,phường Tân Sơn Nhì,429,Quận Tân Phú,34,HCM,"10.796713, 106.637960",,
135,8x Đầm Sen,"số 57 Tô Hiệu, P.Hiệp Tân, Q.Tân Phú, TP.HCM",số 57 Tô Hiệu,P.Hiệp Tân,429,Quận Tân Phú,34,HCM,"10.770616, 106.626192",,
136,Khang Gia Tân Hương,"395 Tân Hương, Phường Tân Quý, Quận Tân Phú, TP.HCM",395 Tân Hương,Phường Tân Quý,429,Quận Tân Phú,34,HCM,"10.789746, 106.618501",,
137,Chung cư Fortuna (Kim Hồng),"306 - 308 Vườn Lài, Phường Phú Thọ Hòa, Quận Tân Phú, TP.HCM",306 - 308 Vườn Lài,Phường Phú Thọ Hòa,429,Quận Tân Phú,34,HCM,"10.788168, 106.624358
",,
138,Chung cư An Bình,"787 Lũy Bán Bích, P.Phú Thọ Hòa, Q.Tân Phú, Hồ Chí Minh",787 Lũy Bán Bích,P.Phú Thọ Hòa,429,Quận Tân Phú,34,HCM,"10.785488, 106.634898",,
139,Chung cư Sơn Kỳ 1,"DC13, phường Sơn Kỳ, Quận Tân Phú, TP.HCM",DC13,phường Sơn Kỳ,429,Quận Tân Phú,34,HCM,"10.805462, 106.610061",,
140,Chung Cư Hoàng Kim Thế Gia,"31 Trương Phước Phan, Bình Trị Đông, Bình Tân, TP.HCM",31 Trương Phước Phan,Bình Trị Đông,419,Quận Bình Tân,34,HCM,"10.773067, 106.614148",,
141,9x Golden Stella,"309 Lê Văn Quới, Bình Trị Đông, Bình Tân, TP.HCM",309 Lê Văn Quới,Bình Trị Đông,419,Quận Bình Tân,34,HCM,"10.776158, 106.611543",,
142,Kingsway Tower,"Hẻm 219 đường số 05 Phường Bình Hưng Hòa, Q.Bình Tân, TP.HCM",Hẻm 219 đường số 05 Phường Bình Hưng Hòa,Q.Bình Tân,419,Quận Bình Tân,34,HCM,"10.808290, 106.603940",,
143,Milky Way,"mặt tiền Đường M1, Khu công nghiệp Tân Bình mở rộng, Phường Bình Hưng Hoà, Quận Bình Tân, TP.HCM",mặt tiền Đường M1,Khu công nghiệp Tân Bình mở rộng,419,Quận Bình Tân,34,HCM,"10.822344, 106.607142",,
144,Stella En Tropic,"79 Võ Văn Kiệt, Phường 16, Bình Tân, TP.HCM",79 Võ Văn Kiệt,Phường 16,419,Quận Bình Tân,34,HCM,"10.725620, 106.618956",,
145,Akari City,"Số 77 Võ Văn Kiệt, phường An Lạc, Quận Bình Tân",Số 77 Võ Văn Kiệt,phường An Lạc,419,Quận Bình Tân,34,HCM,"10.718232, 106.607556",,
146,Imperial Place,"Số 631 Kinh Dương Vương, Phường An Lạc, Quận Bình Tân, TP.HCM",Số 631 Kinh Dương Vương,Phường An Lạc,419,Quận Bình Tân,34,HCM,"10.731007, 106.610976",,
147,Moonlight Boulevard,"Số 510 Kinh Dương Vương, P.An Lạc A, Q.Bình Tân, TP.HCM",Số 510 Kinh Dương Vương,P.An Lạc A,419,Quận Bình Tân,34,HCM,"10.737231, 106.614322",,
148,Ehome 3,"Đường Hồ Ngọc Lãm, phường An Lạc, quận Bình Tân, TPHCM",Đường Hồ Ngọc Lãm,phường An Lạc,419,Quận Bình Tân,34,HCM,"10.713219, 106.611736",,
149,Chung cư Lê Thành,"Mặt tiền đường Hồ Văn Long, phường Tân Tạo, quận Bình Tân, TP.HCM",Mặt tiền đường Hồ Văn Long,phường Tân Tạo,419,Quận Bình Tân,34,HCM,"10.763272, 106.578905",,
150,MD Home Building,Không tìm thấy địa chỉ cụ thể,,,419,Quận Bình Tân,34,HCM,,,
151,Tecco Town,"Số 4449 Nguyễn Cửu Phú, Tân Tạo A Quận Bình Tân, TP.HCM",Số 4449 Nguyễn Cửu Phú,Tân Tạo A Quận Bình Tân,419,Quận Bình Tân,34,HCM,"10.753965, 106.583732",,
152,Vision,"Đường Trần Đại Nghĩa, Phường Tân Tạo A, Bình Tân, TP.HCM",Đường Trần Đại Nghĩa,Phường Tân Tạo A,419,Quận Bình Tân,34,HCM,"10.727300, 106.596209",,
153,Chung Cư Thái Sơn,"Đường số 3A, Phường Tân Tạo A, Quận Bình Tân, TP.HCM",Đường số 3A,Phường Tân Tạo A,419,Quận Bình Tân,34,HCM,"10.753129, 106.592042",,
154,Moonlight Park View,"36-40 Đường số 7, An Lạc A, Bình Tân, TP.HCM",36-40 Đường số 7,An Lạc A,419,Quận Bình Tân,34,HCM,"10.751724, 106.620033",,
155,Angia Star,"Quốc Lộ 1 - Phường Tân Tạo - Quận Bình Tân, TP.HCM",Quốc Lộ 1,Phường Tân Tạo ,419,Quận Bình Tân,34,HCM,"10.762921, 106.591823",,
156,AIO City,"Số 1 Đường N3, An Lạc A, Bình Tân, TP.HCM",Số 1 Đường N3,An Lạc A,419,Quận Bình Tân,34,HCM,"10.742508, 106.612600",,
157,Hai Thành - Tên Lửa,"Đường Số 17A, Bình Trị Đông B, Bình Tân, TP.HCM",Đường Số 17A,Bình Trị Đông B,419,Quận Bình Tân,34,HCM,"10.741021, 106.604939",,
158,Full House,"Góc đường số 7 và đường 34, P. Bình Trị Đông B, Q. Bình Tân, TP.HCM",Góc đường số 7 và đường 34,P. Bình Trị Đông B,419,Quận Bình Tân,34,HCM,"10.752179, 106.607438",,
159,Lê Thành Twin Towers,"47 Đường số 2, Phường An Lạc, Quận Bình Tân, TP.HCM",47 Đường số 2,Phường An Lạc,419,Quận Bình Tân,34,HCM,"10.718314, 106.617434",,
160,The Alleys,"307 Lê Văn Quới, Bình Trị Đông A, Bình Tân, TP.HCM",307 Lê Văn Quới,Bình Trị Đông A,419,Quận Bình Tân,34,HCM,"10.776340, 106.607274",,
161,Saigonhomes,"819 Hương Lộ 2, Bình Trị Đông A, quận Bình Tân, TP.HCM",819 Hương Lộ 2,Bình Trị Đông A,419,Quận Bình Tân,34,HCM,"10.765305, 106.601585",,
162,Green Town Bình Tân,"130 Đường số 3, Bình Hưng Hoà B, Bình Tân, TP.HCM",130 Đường số 3,Bình Hưng Hoà B,419,Quận Bình Tân,34,HCM,"10.804812, 106.592459",,
163,8X Rainbow,"119 Bình Long, Bình Hưng Hoà A, Bình Tân, TP.HCM",119 Bình Long,Bình Hưng Hoà A,419,Quận Bình Tân,34,HCM,"10.779245, 106.620520",,
164,Nhất Lan 3,"Mặt tiền QL1A, Phường An Lạc, Quận Bình Tân (liền kề khu dân cư Tên Lửa)",Mặt tiền QL1A,Phường An Lạc,419,Quận Bình Tân,34,HCM,"10.752319, 106.592194",,
165,Tân Mai Apartment,"Quốc Lộ 1, Phường Tân Tạo, Quận Bình Tân, TP.HCM",Quốc Lộ 1,Phường Tân Tạo,419,Quận Bình Tân,34,HCM,"10.762763, 106.592060",,
166,Cavahome,Không tìm thấy địa chỉ cụ thể,,,421,Huyện Bình Chánh,34,HCM,,,
167,Him Lam 6A,"Đường số 14 khu dân cư Him Lam 6A – Trung Sơn, xã Bình Hưng, huyện Bình Chánh, TP.HCM",Đường số 14 khu dân cư Him Lam 6A – Trung Sơn,xã Bình Hưng,421,Huyện Bình Chánh,34,HCM,"10.732617, 106.687126",,
168,Saigon Mia,"Đường 9A KDC Trung Sơn, Bình Chánh TP. HCM",Đường 9A KDC Trung Sơn,,421,Huyện Bình Chánh,34,HCM,"10.733651, 106.689374",,
169,Citizen Trung Sơn,"Đường 9A KDC Trung Sơn, Bình Chánh",Đường 9A KDC Trung Sơn,,421,Huyện Bình Chánh,34,HCM,"10.731323, 106.688738",,
170,Ehome S Nam Saigon,"Khu đô thị Mizuki Park đại lộ Nguyễn Văn Linh, xã Bình Hưng, huyện Bình Chánh, TP.HCM",Khu đô thị Mizuki Park đại lộ Nguyễn Văn Linh,xã Bình Hưng,421,Huyện Bình Chánh,34,HCM,"10.715459, 106.662194",,
171,Flora Mizuki (Mizuki Park),"Khu đô thị Mizuki Park đại lộ Nguyễn Văn Linh, xã Bình Hưng, huyện Bình Chánh, TP.HCM",Khu đô thị Mizuki Park đại lộ Nguyễn Văn Linh,xã Bình Hưng,421,Huyện Bình Chánh,34,HCM,"10.713895, 106.661971",,
172,Terra Mia,"mặt tiền đường số 2 KDC 6B Kiên Cường, Bình Hưng, Bình Chánh, TP.HCM",mặt tiền đường số 2 KDC 6B Kiên Cường,Bình Hưng,421,Huyện Bình Chánh,34,HCM,"10.723059, 106.688303",,
173,Chung cư 6B The Easter City,"Lô số 4 đường Chánh Hưng, xã Bình Hưng, huyện Bình Chánh, TP.HCM",Lô số 4 đường Chánh Hưng,xã Bình Hưng,421,Huyện Bình Chánh,34,HCM,"10.722252, 106.683373",,
174,Thảo Loan Plaza,"Đường 9A KDC Trung Sơn, Bình Chánh",Đường 9A KDC Trung Sơn,,421,Huyện Bình Chánh,34,HCM,"10.731323, 106.688738",,
175,Chung Cư Happy City,"Lô 11B, xã Bình Hưng, huyện Bình Chánh, TP.HCM",Lô 11B,xã Bình Hưng,421,Huyện Bình Chánh,34,HCM,"10.713514, 106.650487",,
176,Southern Park,"Phạm Hùng, Xã Bình Hưng, H. Bình Chánh, TP.HCM",Phạm Hùng,Xã Bình Hưng,421,Huyện Bình Chánh,34,HCM,"10.722180, 106.683367",,
177,Charmington Golf & Life,"18B Nguyễn Văn Linh, Xã Bình Hưng, Huyện Bình Chánh, TP.HCM",18B Nguyễn Văn Linh,Xã Bình Hưng,421,Huyện Bình Chánh,34,HCM,"10.721260, 106.658502",,
178,Westgate Park,"349 đường Tân Túc, thị trấn Tân Túc, huyện Bình Chánh, TP.HCM",349 đường Tân Túc,thị trấn Tân Túc,421,Huyện Bình Chánh,34,HCM,"10.688468, 106.585398",,
179,Victoria Garden,"Số 10 đường Trần Đại Nghĩa, Xã Tân Kiên, Huyện Bình Chánh, TP. HCM",Số 10 đường Trần Đại Nghĩa,Xã Tân Kiên,421,Huyện Bình Chánh,34,HCM,"10.726118, 106.592315",,
180,Rubi Homes,Không tìm được địa chỉ,,,421,Huyện Bình Chánh,34,HCM,,,
181,Lovera Vista,"Mặt tiền đường số 19, thuộc khu dân cư Phong Phú 4, huyện Bình Chánh, TP.HCM",Mặt tiền đường số 19,thuộc khu dân cư Phong Phú 4,421,Huyện Bình Chánh,34,HCM,"10.691800, 106.642906",,
182,Dynamic Tower,"Đường Nguyễn Văn Linh, Xã Phong Phú, Bình Chánh, TP.HCM",Đường Nguyễn Văn Linh,Xã Phong Phú,421,Huyện Bình Chánh,34,HCM,"10.707863, 106.640308",,
183,Calla Garden,"Đường Nguyễn Văn Linh, Xã Phong Phú, Bình Chánh, TP.HCM",Đường Nguyễn Văn Linh,Xã Phong Phú,421,Huyện Bình Chánh,34,HCM,"10.712165, 106.645474",,
184,Saigon Intela,"Đường số 5, xã Phong Phú, huyện Bình Chánh, TP.HCM",Đường số 5,xã Phong Phú,421,Huyện Bình Chánh,34,HCM,"10.703090, 106.647955",,
185,A.View,"Đường Nguyễn Văn Linh, Xã Phong Phú, Bình Chánh, TP.HCM",Đường Nguyễn Văn Linh,Xã Phong Phú,421,Huyện Bình Chánh,34,HCM,"10.712743, 106.646191",,
186,Chung cư Conic Đông Nam Á,"KDC Conic, đường Nguyễn Văn Linh, xã Phong Phú, huyện Bình Chánh, TP.HCM",KDC Conic,đường Nguyễn Văn Linh,421,Huyện Bình Chánh,34,HCM,"10.710218, 106.642803",,
187,Conic Garden,"KDC Conic, đường Nguyễn Văn Linh, xã Phong Phú, huyện Bình Chánh, TP.HCM",KDC Conic,đường Nguyễn Văn Linh,421,Huyện Bình Chánh,34,HCM,"10.717423, 106.638169",,
188,Conic Skyway Residence,"KDC Conic, đường Nguyễn Văn Linh, xã Phong Phú, huyện Bình Chánh, TP.HCM",KDC Conic,đường Nguyễn Văn Linh,421,Huyện Bình Chánh,34,HCM,"10.710218, 106.642803",,
189,Conic Đình Khiêm,"Đường Nguyễn Văn Linh, Xã Phong Phú, Bình Chánh, TP.HCM",Đường Nguyễn Văn Linh,Xã Phong Phú,421,Huyện Bình Chánh,34,HCM,"10.710208, 106.642187",,
190,Terra Rosa,"Nguyễn Văn Linh - khu dân cư Intresco 13E- xã Phong Phú- Bình Chánh, TP.HCM",Nguyễn Văn Linh - khu dân cư Intresco 13E,Xã phong Phu1,421,Huyện Bình Chánh,34,HCM,"10.705991, 106.644211",,
191,Chung cư HQC Plaza,"Đường Nguyễn Văn Linh, Xã An Phú Tây, Huyện Bình Chánh, TP.HCM",Đường Nguyễn Văn Linh,Xã An Phú Tây,421,Huyện Bình Chánh,34,HCM,"10.693768, 106.606751",,
192,City Gate 5,"Đường Hưng Nhơn, xã Tân Kiên, huyện Bình Chánh, TP.HCM",Đường Hưng Nhơn,xã Tân Kiên,421,Huyện Bình Chánh,34,HCM,"10.715169, 106.588341",,
193,Chung cư Lê Thành Tân Kiên,Không tìm được địa chỉ,,,421,Huyện Bình Chánh,34,HCM,,,
194,Sunrise Riverside,"khu biệt thự Trần Thái, xã Phước Kiển, huyện Nhà Bè – TP. HCM",khu biệt thự Trần Thái,xã Phước Kiển,422,Huyện Nhà Bè,34,HCM,"10.721756, 106.703578",,
195,Saigon South Residences,"113A Đ.Nguyễn Hữu Thọ, Phước Kiển, Nhà Bè, TP.HCM",113A Đ.Nguyễn Hữu Thọ,Phước Kiển,422,Huyện Nhà Bè,34,HCM,"10.720375, 106.703074",,
196,Dragon Hill 1,"Số 15A1 Khu đô thị Dragon City Nguyễn Hữu Thọ, huyện Nhà Bè, TP.HCM",Số 15A1 Khu đô thị Dragon City Nguyễn Hữu Thọ,huyện Nhà Bè,422,Huyện Nhà Bè,34,HCM,"10.710159, 106.708799",,
197,Dragon Hill Residence and Suite,"Số 15A1 Khu đô thị Dragon City Nguyễn Hữu Thọ, huyện Nhà Bè, TP.HCM",Số 15A1 Khu đô thị Dragon City Nguyễn Hữu Thọ,huyện Nhà Bè,422,Huyện Nhà Bè,34,HCM,"10.710159, 106.708799",,
198,The Park Residence (Phú Hoàng Anh),"Đường Nguyễn Hữu Thọ, Phước Kiển, Nhà Bè, TP.HCM",Đường Nguyễn Hữu Thọ,Phước Kiển,422,Huyện Nhà Bè,34,HCM,"10.712059, 106.707231",,
199,Hoàng Anh Gold House (Hoàng Anh An Tiến),"187A Lê Văn Lương, Phước Kiển, Nhà Bè, TP.HCM",187A Lê Văn Lương,Phước Kiển,422,Huyện Nhà Bè,34,HCM,"10.710398, 106.703451",,
200,New Saigon - Hoàng Anh Gia Lai 3,"Đường Nguyễn Hữu Thọ, Xã Phước Kiển, Huyện Nhà Bè, TP.HCM",Đường Nguyễn Hữu Thọ,Xã Phước Kiển,422,Huyện Nhà Bè,34,HCM,"10.720555, 106.700373",,
201,Hưng Phát 1,"44 Lê Văn Lương, Phước Kiển, Nhà Bè, TP.HCM",44 Lê Văn Lương,Phước Kiển,422,Huyện Nhà Bè,34,HCM,"10.713930, 106.700875",,
202,Hưng Phát Silver Star,"156A đường Nguyễn Hữu Thọ, Phước Kiển, Nhà Bè, TP.HCM",156A đường Nguyễn Hữu Thọ,Phước Kiển,422,Huyện Nhà Bè,34,HCM,"10.716881, 106.702130",,
203,Park Vista,"Đường Nguyễn Hữu Thọ, Phước Kiển, Nhà Bè, TP.HCM",Đường Nguyễn Hữu Thọ,Phước Kiển,422,Huyện Nhà Bè,34,HCM,"10.712811, 106.706132",,
204,Goldora Plaza,"26 Lê Văn Lương, Phước Kiển, Nhà Bè, TP.HCM",26 Lê Văn Lương,Phước Kiển,422,Huyện Nhà Bè,34,HCM,"10.719345, 106.699097",,
205,Kenton Residences,"Số 116A Đường Nguyễn Hữu Thọ, P. Phước Kiển, Nhà Bè, TP.HCM",Số 116A Đường Nguyễn Hữu Thọ,P. Phước Kiển,422,Huyện Nhà Bè,34,HCM,"10.720989, 106.701101",,
206,Celesta Rise,"Đường Nguyễn Hữu Thọ, xã Phước Kiển, huyện Nhà Bè, TP. HCM",Đường Nguyễn Hữu Thọ,xã Phước Kiển,422,Huyện Nhà Bè,34,HCM,"10.709450, 106.708612",,
207,La Partenza,"Đường Lê Văn Lương, Phước Kiển, Nhà Bè, TP.HCM",Đường Lê Văn Lương,Phước Kiển,422,Huyện Nhà Bè,34,HCM,"10.684373, 106.701120",,
208,ZeitGeist Nhà Bè,"Đường Nguyễn Hữu Thọ, Phước Kiển, Nhà Bè, TP.HCM",Đường Nguyễn Hữu Thọ,Phước Kiển,422,Huyện Nhà Bè,34,HCM,"10.698947, 106.716358",,
209,Orchid Park,"Mặt tiền 15B – Nguyễn Lương Bằng – Phú Xuân – Nhà Bè, TP.HCM",Mặt tiền 15B Nguyễn Lương Bằng,Phú Xuân,422,Huyện Nhà Bè,34,HCM,"10.678900, 106.740399",,
210,Phú Mỹ Thuận,"Đường Huỳnh Tấn Phát -  Xã Phú Xuân – H. Nhà Bè, TP.HCM",Đường Huỳnh Tấn Phát ,Xã Phú Xuân,422,Huyện Nhà Bè,34,HCM,"10.679347, 106.749951",,
211,Chung Cư STCITY,"245 Bùi Văn Ngữ, P. Tân Chánh Hiệp, Huyện Hóc Môn, TP.HCM",245 Bùi Văn Ngữ,P. Tân Chánh Hiệp,415,Huyện Hóc Môn,34,HCM,"10.871592, 106.618655",,
212,Cheery 3 Apartment,"Đường Nguyễn Thị Sóc, phường Xuân Thới Đông, huyện Hóc Môn, TP.HCM",Đường Nguyễn Thị Sóc,phường Xuân Thới Đông,415,Huyện Hóc Môn,34,HCM,"10.861055, 106.601860",,
213,HQC Hóc Môn,"Đường Nguyễn Thị Sóc, phường Xuân Thới Đông, huyện Hóc Môn, TP.HCM",Đường Nguyễn Thị Sóc,phường Xuân Thới Đông,415,Huyện Hóc Môn,34,HCM,"10.861055, 106.601860",,
214,Thảo Điền Pearl,"12 Quốc Hương, phường Thảo Điền, Quận 2",12 Quốc Hương,phường Thảo Điền,411,TP Thủ Đức,34,HCM,"10.801106, 106.732779",,
215,Mozac Thảo Điền,"12 Quốc Hương, phường Thảo Điền, Quận 2",12 Quốc Hương,phường Thảo Điền,411,TP Thủ Đức,34,HCM,"10.801106, 106.732779",,
216,Hoàng Anh River view,"37 Nguyễn Văn Hưởng, Phường Thảo Điền, Quận 2",37 Nguyễn Văn Hưởng,Phường Thảo Điền,411,TP Thủ Đức,34,HCM,"10.804382, 106.726745",,
217,Tropic Garden,"49 Đường 66 giáp trục Nguyễn Văn Hưởng, P. Thảo Điền, Q.2, TP.HCM",49 Đường 66 giáp trục Nguyễn Văn Hưởng,P. Thảo Điền,411,TP Thủ Đức,34,HCM,"10.813215, 106.728586",,
218,Thủ Thiêm Sky,"Hẻm 204 Đường Nguyễn Văn Hưởng, Phường Thảo Điền, Quận 2",Hẻm 204 Đường Nguyễn Văn Hưởng,Phường Thảo Điền,411,TP Thủ Đức,34,HCM,"10.815021, 106.730343",,
219,River Garden,"170 Nguyễn Văn Hưởng, P Thảo Điền, Quận 2",170 Nguyễn Văn Hưởng,P Thảo Điền,411,TP Thủ Đức,34,HCM,"10.815363, 106.727192",,
220,Xi Riverview,"190 Nguyễn Văn Hưởng, phường Thảo Điền, Quận 2",190 Nguyễn Văn Hưởng,phường Thảo Điền,411,TP Thủ Đức,34,HCM,"10.817233, 106.730494",,
221,D’Edge,"Đường Nguyễn Văn Hưởng, Phường Thảo Điền, Quận 2",Đường Nguyễn Văn Hưởng,Phường Thảo Điền,411,TP Thủ Đức,34,HCM,"10.813074, 106.732607",,
222,The Ascent,"58 Quốc Hương, Phường Thảo Điền, Quận 2, TP.HCM",58 Quốc Hương,Phường Thảo Điền,411,TP Thủ Đức,34,HCM,"10.807187, 106.731216",,
223,Masteri Thảo Điền,"159 Xa lộ Hà Nội, Quận 2, TP. HCM",159 Xa lộ Hà Nội,Quận 2,411,TP Thủ Đức,34,HCM,"10.802304, 106.742552",,
224,The Nassim,"30 Đường số 11, Thảo Điền, Quận 2",30 Đường số 11,Thảo Điền,411,TP Thủ Đức,34,HCM,"10.804597, 106.743999",,
225,Gateway Thảo Điền,"2 Lê Thước, phường Thảo Điền, Quận 2, TP.HCM",2 Lê Thước,phường Thảo Điền,411,TP Thủ Đức,34,HCM,"10.803329, 106.745744",,
226,Q2 Thảo Điền,"Mặt tiền đường Võ Trường Toản và Đường số 9 & 10, phường Thảo Điền, Quận 2",Mặt tiền đường Võ Trường Toản và Đường số 9 & 10,phường Thảo Điền,411,TP Thủ Đức,34,HCM,"10.804660, 106.747417",,
227,Thảo Điền Green,"192 Nguyễn Văn Hưởng, Phường Thảo Điền, Quận 2, TP HCM",192 Nguyễn Văn Hưởng,Phường Thảo Điền,411,TP Thủ Đức,34,HCM,"10.817393, 106.731235",,
228,The Sun Avenue,"Mặt tiền Mai Chí Thọ, P. An Phú, Quận 2, TP. HCM",Mặt tiền Mai Chí Thọ,P. An Phú,411,TP Thủ Đức,34,HCM,"10.785507, 106.748070",,
229,Rome Diamond Lotus,"Số 50 Đường Mai Chí Thọ, Phường An Phú, Quận 2",Số 50 Đường Mai Chí Thọ,Phường An Phú,411,TP Thủ Đức,34,HCM,"10.786441, 106.751042",,
230,Centana Thủ Thiêm,"Mặt tiền Mai Chí Thọ, Phường An Phú, Quận 2, Tp HCM",Mặt tiền Mai Chí Thọ,Phường An Phú,411,TP Thủ Đức,34,HCM,"10.791335, 106.752369",,
231,D’Lusso,"Hẻm đường Nguyễn Thị Định, phường An Phú, Quận 2, TP.HCM",Hẻm đường Nguyễn Thị Định,phường An Phú,411,TP Thủ Đức,34,HCM,"10.791625, 106.754944",,
232,Precia,"Hẻm đường Nguyễn Thị Định, phường An Phú, Quận 2, TP.HCM",Hẻm đường Nguyễn Thị Định,phường An Phú,411,TP Thủ Đức,34,HCM,"10.791155, 106.754182",,
233,Palm Heights - Palm City,"Khu đô thị Palm City, Song hành cao tốc TP.HCM – Long Thành – Dầu Giây, phường An Phú, Quận 2",Khu đô thị Palm City,Song hành cao tốc TP.HCM – Long Thành – Dầu Giây,411,TP Thủ Đức,34,HCM,"10.791986, 106.760930",,
234,Palm Garden - Palm City,"Khu đô thị Palm City, Song hành cao tốc TP.HCM – Long Thành – Dầu Giây, phường An Phú, Quận 2",Khu đô thị Palm City,Song hành cao tốc TP.HCM – Long Thành – Dầu Giây,411,TP Thủ Đức,34,HCM,"10.791640, 106.762019",,
235,Palm Spring - Palm City,Không tìm thấy địa chỉ cụ thể,,,411,TP Thủ Đức,34,HCM,,,
236,Gem Riverside,"Khu đô thị Nam Rạch Chiếc, Phường An Phú, Quận 2, TP. Hồ Chí Minh",Khu đô thị Nam Rạch Chiếc,Phường An Phú,411,TP Thủ Đức,34,HCM,"10.793173, 106.766481",,
237,Velona Saigon  Sports City,"Khu đô thị Saigon Sports City, phường An Phú, Quận 2, TP.HCM",Khu đô thị Saigon Sports City,phường An Phú,411,TP Thủ Đức,34,HCM,"10.799659, 106.767018",,
238,The Vista An Phú,"Số 628C Xa lộ Hà Nội, Phường An Phú, Quận 2, Tp.HCM",Số 628C Xa lộ Hà Nội,Phường An Phú,411,TP Thủ Đức,34,HCM,"10.804829, 106.751790",,
239,Masteri Lumiere Riverside,"259 Xa lộ Hà Nội, Phường An Phú, Quận 2, TP.HCM",259 Xa lộ Hà Nội,Phường An Phú,411,TP Thủ Đức,34,HCM,"10.803464, 106.747947",,
240,Laimian City,"Mặt tiền đường Lương Định Của, Trần Lựu, Quận 2",Mặt tiền đường Lương Định Của,Trần Lựu,411,TP Thủ Đức,34,HCM,"10.792718, 106.738139",,
241,Screc II Tower,"Mặt tiền đường số 2 và 37A thuộc KDC An Phú, Quận 2",Mặt tiền đường số 2 và 37A thuộc KDC An Phú,,411,TP Thủ Đức,34,HCM,"10.791267, 106.740595",,
242,"Era Bình Khánh (N,J,CD)","Đường số 9-BK, phường Bình Khánh, Quận 2",Đường số 9-BK,phường Bình Khánh,411,TP Thủ Đức,34,HCM,"10.786531, 106.740746",,
243,Cantavil & Cantavil Premier,"8 Đường Xa Lộ Hà Nội, Phường An Phú, Quận 2",8 Đường Xa Lộ Hà Nội,Phường An Phú,411,TP Thủ Đức,34,HCM,"10.801826, 106.746832",,
244,Imperia An Phú,"Ngay giao lộ Mai Chí Thọ và Xa lộ Hà Nội, An Phú, Quận 2",Ngay giao lộ Mai Chí Thọ và Xa lộ Hà Nội,An Phú,411,TP Thủ Đức,34,HCM,"10.799179, 106.750272",,
245,Estella Heights,"Khu phố 3 Xa Lộ Hà Nội, P. An Phú, Quận 2",Khu phố 3 Xa Lộ Hà Nội,P. An Phú,411,TP Thủ Đức,34,HCM,"10.802075, 106.748694",,
246,The Estella,"Khu phố 3 Xa Lộ Hà Nội, P. An Phú, Quận 2",Khu phố 3 Xa Lộ Hà Nội,P. An Phú,411,TP Thủ Đức,34,HCM,"10.800693, 106.748230",,
247,The Palace Residence,"Mặt tiền Đường Song Hành – Xa lộ Hà Nội và đường Mai Chí Thọ, Quận 2",Mặt tiền Đường Song Hành – Xa lộ Hà Nội và đường Mai Chí Thọ,,411,TP Thủ Đức,34,HCM,"10.800126, 106.750598",,
248,Lexington Residence,"67 Mai Chí Thọ, An Phú, Quận 2",67 Mai Chí Thọ,An Phú,411,TP Thủ Đức,34,HCM,"10.799298, 106.751641",,
249,An Lộc - An Phúc,"Vũ Tông Phan + Nguyễn Hoàng, Phường An Phú, Quận 2, TPHCM",Vũ Tông Phan + Nguyễn Hoàng,Phường An Phú,411,TP Thủ Đức,34,HCM,"10.798902, 106.744500",,
250,PetroVietnam Landmark,"Đường Mai Chí Thọ, Phường An Phú, Quận 2",Đường Mai Chí Thọ,Phường An Phú,411,TP Thủ Đức,34,HCM,"10.797301, 106.750507",,
251,Bình An Pearl,"2 Trần Não, Phường Bình An, Quận 2",2 Trần Não,Phường Bình An,411,TP Thủ Đức,34,HCM,"10.795680, 106.731040",,
252,Chung cư Bộ Công An,"Số 83 Đường số 3, Phường Bình An, Quận 2, TP.HCM",Số 83 Đường số 3,Phường Bình An,411,TP Thủ Đức,34,HCM,"10.794862, 106.736519",,
253,Sunshine Venicia,"Mặt tiền đường số 34 và 39, phường Bình An, Quận 2",Mặt tiền đường số 34 và 39,phường Bình An,411,TP Thủ Đức,34,HCM,"10.787805, 106.726988",,
254,Paris Hoàng Kim,"Số 25 đường Lương Định Của, Phường Bình Khánh, Quận 2, TP. HCM",Số 25 đường Lương Định Của,Phường Bình Khánh,411,TP Thủ Đức,34,HCM,"10.784441, 106.728230",,
255,De Capella,"116 Lương Định Của, phường Bình Khánh, Quận 2",116 Lương Định Của,phường Bình Khánh,411,TP Thủ Đức,34,HCM,"10.787533, 106.735300",,
256,Tái định cư Bình Khánh,"Đường số 10 khu tái định cư An Phú - Bình Khánh, Quận 2",Đường số 10 khu tái định cư An Phú - Bình Khánh,,411,TP Thủ Đức,34,HCM,"10.783529, 106.736298",,
257,New City Thủ Thiêm,"Số 17 Mặt tiền đường Mai Chí Thọ, Phường Bình Khánh,Khu Đô Thị Thủ Thiêm, Quận 2",Số 17 Mặt tiền đường Mai Chí Thọ,Phường Bình Khánh,411,TP Thủ Đức,34,HCM,"10.780516, 106.736051",,
258,The Water Bay,"Số 26 Mai Chí Thọ, Phường Bình Khánh, Quận 2",Số 26 Mai Chí Thọ,Phường Bình Khánh,411,TP Thủ Đức,34,HCM,"10.775069, 106.726898",,
259,Sài Gòn Broadway,"Mặt tiền đường Mai Chí Thọ, Phường Bình Khánh, Quận 2",Mặt tiền đường Mai Chí Thọ,Phường Bình Khánh,411,TP Thủ Đức,34,HCM,"10.782885, 106.740448",,
260,The River Thủ Thiêm,"Ngay chân cầu Thủ Thiêm 1 về phía khu đô thị Thủ Thiêm Quận 2 (Lô 3.15 + 3.16 Đại Lộ Vòng Cung, khu đô thị Thủ Thiêm), Quận 2, TP. HCM",Ngay chân cầu Thủ Thiêm 1 về phía khu đô thị Thủ Thiêm Quận 2 (Lô 3.15 + 3.16 Đại Lộ Vòng Cung,khu đô thị Thủ Thiêm),411,TP Thủ Đức,34,HCM,"10.780401, 106.717222",,
262,The Metropole Thủ Thiêm,"Lô 1.16 và Lô 1.17 trong Khu đô thị mới Thủ Thiêm, Quận 2.",Lô 1.16 và Lô 1.17 trong Khu đô thị mới Thủ Thiêm,,411,TP Thủ Đức,34,HCM,"10.775956, 106.713247",,
263,Empire City,"Thuộc khu chức năng số 2 (khu 2B) khu đô thị mới Thủ Thiêm, Quận 2",Thuộc khu chức năng số 2 (khu 2B) khu đô thị mới Thủ Thiêm,,411,TP Thủ Đức,34,HCM,"10.769671, 106.711860",,
264,Eco Smart City,"Khu chức năng số 2A - Khu đô thị Thủ Thiêm, Quận 2, TP. HCM",Khu chức năng số 2A - Khu đô thị Thủ Thiêm,Quận 2,411,TP Thủ Đức,34,HCM,"10.772861, 106.714859",,
265,Sala Sadora - KĐT Sala,"Khu đô thị Sala, đô thị mới Thủ Thiêm, Quận 2",Khu đô thị Sala,đô thị mới Thủ Thiêm,411,TP Thủ Đức,34,HCM,"10.772336, 106.723776",,
266,Sala Sarimi - KĐT Sala,"Khu đô thị Sala, đô thị mới Thủ Thiêm, Quận 2",Khu đô thị Sala,đô thị mới Thủ Thiêm,411,TP Thủ Đức,34,HCM,"10.772336, 106.723776",,
267,Sala Sarica - KĐT Sala,"Khu đô thị Sala, đô thị mới Thủ Thiêm, Quận 2",Khu đô thị Sala,đô thị mới Thủ Thiêm,411,TP Thủ Đức,34,HCM,"10.772336, 106.723776",,
268,Sala Sarina - KĐT Sala,"Khu đô thị Sala, đô thị mới Thủ Thiêm, Quận 2",Khu đô thị Sala,đô thị mới Thủ Thiêm,411,TP Thủ Đức,34,HCM,"10.772336, 106.723776",,
269,Diamond Island,"Số 1 Đường 104-BTT, P. Bình Trưng Tây, Quận 2, TP. Hồ Chí Minh hay còn gọi (Đảo Kim Cương Quận 2, ngay  trung tâm hành chính quận 2)",Số 1 Đường 104-BTT,P. Bình Trưng Tây,411,TP Thủ Đức,34,HCM,"10.777495, 106.747105",,
270,Homyland 1,"202 Nguyễn Duy Trinh, Phường Bình Trưng Tây, Quận 2",202 Nguyễn Duy Trinh,Phường Bình Trưng Tây,411,TP Thủ Đức,34,HCM,"10.786408, 106.762731",,
271,Homyland 2,"307 Nguyễn Duy Trinh, phường Bình Trưng Tây, Quận 2",307 Nguyễn Duy Trinh,phường Bình Trưng Tây,411,TP Thủ Đức,34,HCM,"10.788261, 106.765652",,
272,Homyland 3,"Hẻm 401 Nguyễn Duy Trinh, phường Bình Trưng Tây, Quận 2",Hẻm 401 Nguyễn Duy Trinh,phường Bình Trưng Tây,411,TP Thủ Đức,34,HCM,"10.789657, 106.769227",,
273,La Astoria,"383 Nguyễn Duy Trinh, P. Bình Trưng Tây, Quận 2",383 Nguyễn Duy Trinh,P. Bình Trưng Tây,411,TP Thủ Đức,34,HCM,"10.788315, 106.767915",,
274,PARCSpring,"537 Nguyễn Duy Trinh, phường Bình Trưng Đông, Quận 2",537 Nguyễn Duy Trinh,phường Bình Trưng Đông,411,TP Thủ Đức,34,HCM,"10.790424, 106.771773",,
275,The Krista,"Hẻm 537 Nguyễn Duy Trinh, phường Bình Trưng Đông, Quận 2",Hẻm 537 Nguyễn Duy Trinh,phường Bình Trưng Đông,411,TP Thủ Đức,34,HCM,"10.789837, 106.770737",,
276,Kris Vue,"Hẻm 537 Nguyễn Duy Trinh - Hồ Thị Nhung, phường Bình Trưng Đông, Quận 2",Hẻm 537 Nguyễn Duy Trinh - Hồ Thị Nhung,phường Bình Trưng Đông,411,TP Thủ Đức,34,HCM,"10.789646, 106.771771",,
277,Thủ Thiêm Xanh,"Số 1 Đường 63, Phường Bình Trưng Đông, Quận 2",Số 1 Đường 63,Phường Bình Trưng Đông,411,TP Thủ Đức,34,HCM,"10.789817, 106.776875",,
278,Chung cư Petroland,"Số 2 Đường 62, Bình Trưng Đông, Quận 2",Số 2 Đường 62,Bình Trưng Đông,411,TP Thủ Đức,34,HCM,"10.791579, 106.776526",,
279,Thủ Thiêm Star,"Đường 54, Bình Trưng Đông, Quận 2",Đường 54,Bình Trưng Đông,411,TP Thủ Đức,34,HCM,"10.792298, 106.777613",,
280,One Verandah,"Tọa lạc ngay 4 mặt tiền đường Bát Nàn – Nguyễn Văn Kỉnh – Tạ Hiện – 103, Thạnh Mỹ Lợi, Quận 2",Tọa lạc ngay 4 mặt tiền đường Bát Nàn – Nguyễn Văn Kỉnh – Tạ Hiện – 103,Thạnh Mỹ Lợi,411,TP Thủ Đức,34,HCM,"10.776718, 106.751502",,
281,Waterina Suites,,,,411,TP Thủ Đức,34,HCM,,,
282,Feliz En Vista,,,,411,TP Thủ Đức,34,HCM,,,
283,Vista Verde,,,,411,TP Thủ Đức,34,HCM,,,
284,Define,,,,411,TP Thủ Đức,34,HCM,,,
285,Victoria Village,,,,411,TP Thủ Đức,34,HCM,,,
286,Thủ Thiêm Dragon,,,,411,TP Thủ Đức,34,HCM,,,
287,CBD Premium Home,,,,411,TP Thủ Đức,34,HCM,,,
288,TDC Thạnh Mỹ Lợi,,,,411,TP Thủ Đức,34,HCM,,,
289,La Premier,,,,411,TP Thủ Đức,34,HCM,,,
290,CitiGrand,,,,411,TP Thủ Đức,34,HCM,,,
291,CitiHome,,,,411,TP Thủ Đức,34,HCM,,,
292,CitiSoho,,,,411,TP Thủ Đức,34,HCM,,,
293,CitiEsto,,,,411,TP Thủ Đức,34,HCM,,,
294,CitiAlto,,,,411,TP Thủ Đức,34,HCM,,,
295,Cao ốc Bình Minh,,,,411,TP Thủ Đức,34,HCM,,,
296,Centum Wealth,,,,411,TP Thủ Đức,34,HCM,,,
297,SaiGon Gateway,,,,411,TP Thủ Đức,34,HCM,,,
298,The 9 Stellars,,,,411,TP Thủ Đức,34,HCM,,,
299,Masteri Centre Point - Vinhomes Grand Park,,,,411,TP Thủ Đức,34,HCM,,,
300,The Origami - Vinhomes Grand Park,,,,411,TP Thủ Đức,34,HCM,,,
301,The Rainbow - Vinhomes Grand Park,,,,411,TP Thủ Đức,34,HCM,,,
302,Jamila Khang Điền,,,,411,TP Thủ Đức,34,HCM,,,
303,EhomeS Phú Hữu,,,,411,TP Thủ Đức,34,HCM,,,
304,Flora Kikyo,,,,411,TP Thủ Đức,34,HCM,,,
305,Hausneo,,,,411,TP Thủ Đức,34,HCM,,,
306,FristHome,,,,411,TP Thủ Đức,34,HCM,,,
307,Sky9,,,,411,TP Thủ Đức,34,HCM,,,
308,SunTower,,,,411,TP Thủ Đức,34,HCM,,,
309,The Eastern,,,,411,TP Thủ Đức,34,HCM,,,
310,Safira,,,,411,TP Thủ Đức,34,HCM,,,
311,Hausbelo,,,,411,TP Thủ Đức,34,HCM,,,
312,Ricca,,,,411,TP Thủ Đức,34,HCM,,,
313,Riverpark Tower,,,,411,TP Thủ Đức,34,HCM,,,
314,TDH Phước Bình,,,,411,TP Thủ Đức,34,HCM,,,
315,Him Lam Phú An,,,,411,TP Thủ Đức,34,HCM,,,
316,Cao Ốc Xanh,,,,411,TP Thủ Đức,34,HCM,,,
317,TDH Phúc Thịnh Đức,,,,411,TP Thủ Đức,34,HCM,,,
318,Metro Star,,,,411,TP Thủ Đức,34,HCM,,,
319,Citrine Apartment,,,,411,TP Thủ Đức,34,HCM,,,
320,9View,,,,411,TP Thủ Đức,34,HCM,,,
321,TDH Phước Long,,,,411,TP Thủ Đức,34,HCM,,,
322,The Art,,,,411,TP Thủ Đức,34,HCM,,,
323,Flora Anh Đào,,,,411,TP Thủ Đức,34,HCM,,,
324,Phố Đông Hoa Sen,,,,411,TP Thủ Đức,34,HCM,,,
325,Thủ Thiêm Garden,,,,411,TP Thủ Đức,34,HCM,,,
326,Flora Fuji,,,,411,TP Thủ Đức,34,HCM,,,
327,Ehome 1,,,,411,TP Thủ Đức,34,HCM,,,
328,Ehome 2,,,,411,TP Thủ Đức,34,HCM,,,
329,Lucky Dragon,,,,411,TP Thủ Đức,34,HCM,,,
330,Chung cư Man Thiện,,,,411,TP Thủ Đức,34,HCM,,,
331,Tecco Vina Garden,,,,411,TP Thủ Đức,34,HCM,,,
332,Topaz Home 2,,,,411,TP Thủ Đức,34,HCM,,,
333,Moonlight Residences,,,,411,TP Thủ Đức,34,HCM,,,
334,King Crown Infinity,,,,411,TP Thủ Đức,34,HCM,,,
335,The Navita,,,,411,TP Thủ Đức,34,HCM,,,
336,Saigon Avenue,,,,411,TP Thủ Đức,34,HCM,,,
337,Phúc Yên Prosper Phố Đông,,,,411,TP Thủ Đức,34,HCM,,,
338,Gem Premium (tên cũ Saigonres Riverside),,,,411,TP Thủ Đức,34,HCM,,,
339,4S Riverside,,,,411,TP Thủ Đức,34,HCM,,,
340,Chung cư Mỹ An,,,,411,TP Thủ Đức,34,HCM,,,
341,Opal Garden,,,,411,TP Thủ Đức,34,HCM,,,
342,Opal Riverside,,,,411,TP Thủ Đức,34,HCM,,,
343,Newtown Apartment,,,,411,TP Thủ Đức,34,HCM,,,
344,Harina View,,,,411,TP Thủ Đức,34,HCM,,,
345,Chung cư Linh Trung,,,,411,TP Thủ Đức,34,HCM,,,
346,Chung cư Phúc Lộc Thọ,,,,411,TP Thủ Đức,34,HCM,,,
347,Depot Metro Tower,,,,411,TP Thủ Đức,34,HCM,,,
348,An Dân Residence,,,,411,TP Thủ Đức,34,HCM,,,
349,Chung Cư Linh Tây Tower,,,,411,TP Thủ Đức,34,HCM,,,
350,Flora Novia,,,,411,TP Thủ Đức,34,HCM,,,
351,TDH Riverview,,,,411,TP Thủ Đức,34,HCM,,,
352,Lotus Sen Hồng,,,,411,TP Thủ Đức,34,HCM,,,
353,STown Thủ Đức,,,,411,TP Thủ Đức,34,HCM,,,
354,Fresca Riverside,,,,411,TP Thủ Đức,34,HCM,,,
355,Chương Dương Home,,,,411,TP Thủ Đức,34,HCM,,,
356,Lavita Charm,,,,411,TP Thủ Đức,34,HCM,,,
357,Lan Phương Tower,,,,411,TP Thủ Đức,34,HCM,,,
358,Saigon Metro Park,,,,411,TP Thủ Đức,34,HCM,,,
359,Thăng Long Home Hưng Phú,,,,411,TP Thủ Đức,34,HCM,,,
360,Đạt Gia Residence,,,,411,TP Thủ Đức,34,HCM,,,
361,SunView Town,,,,411,TP Thủ Đức,34,HCM,,,
362,Tecco Tower,,,,411,TP Thủ Đức,34,HCM,,,
363,Lavita Garden,,,,411,TP Thủ Đức,34,HCM,,,
364,Chung cư A4 phường Quang Vinh,"Thành phố Biên Hòa, Đồng Nai",,,432,TP Thủ Đức,45,HCM,"10.95674235409124,106.81107836437624",,
365,Chung cư Huỳnh Văn Chính 1,"Tân Phú, Thành phố Hồ Chí Minh",,,411,TP Thủ Đức,34,HCM,"10.780887238942949,106.6414225101471",,
366,Chung cư Phan Xích Long,"Phú Nhuận, Thành phố Hồ Chí Minh",,,411,TP Thủ Đức,34,HCM,"10.7991063,106.6867568",,
367,Chung cư Samsora Riverside,"Thị xã Dĩ An, Bình Dương",,,10,TP Thủ Đức,3,HCM,"10.9014175,106.8336709",,
368,Chung cư Thanh Bình,"Thành phố Biên Hòa, Đồng Nai",,,432,TP Thủ Đức,45,HCM,"10.9464649,106.8167649",,
369,Chung cư Vinhome Center Park,"Bình Thạnh, Thành phố Hồ Chí Minh",,,412,TP Thủ Đức,34,HCM,"10.7947506,106.7219896",,
370,Chung cư xã hội Bửu Long,"Thành phố Biên Hòa, Đồng Nai",,,432,TP Thủ Đức,45,HCM,"10.960876473119056,106.8053733198472",,
